"quantile","alpha1","alpha2","lambda","w","beta1","beta2","p","nll"
"Q1",0.0515987061161688,0.377606242667223,0.51830247070328,0.381841178075121,4.02340457426049,1.0253064227897,0.655886669458767,186.255236107937
"Median",0.29938470793805,0.706403627911939,0.949720820735789,0.605890315922064,6.96723367209426,2.53813678992207,1.08633636436091,212.609824430214
"Q3",0.571350466453362,0.888069648330472,1,0.975499837319009,14.2243299794517,4.4660785533711,1.25771097582883,237.514973300045
